dataset,architecture,run_id,created,subset,coords,val_acc,eval_status,overall_accuracy,macro_accuracy,median_class_accuracy,n_classes_below_50pct,train_val_acc,n_landmarks,feature_dim,n_params,n_classes,model_name,streaming,split_strategy,split_random_state,split_n_val,legacy_split,training_regime,training_source,training_epoch_cap,training_epochs_trained,training_best_epoch,training_early_stopped,training_finished,training_wall_time_min,submission_tested,submission_platform,submission_public_score,submission_private_score,submission_submitted_at,submission_reference,prov_git_commit,prov_git_dirty,prov_code_dirty,prov_config_path,prov_config_sha256,prov_feature_pipeline,prov_feature_cache_key,prov_source_n_videos,prov_source_manifest_sha256,prov_env_python,prov_env_torch,prov_env_numpy,prov_env_scikit_learn,prov_env_gpu,hyp_batch_size,hyp_lr,hyp_hidden_size,hyp_num_layers,hyp_dropout,hyp_weight_decay,hyp_epochs,hyp_grad_clip,hyp_lr_factor,hyp_lr_patience,hyp_es_patience,hyp_es_min_delta,hyp_seed,hyp_max_seq_len,hyp_num_workers,hyp_loss,hyp_precision,hyp_kernel_size,hyp_num_heads,hyp_expand,hyp_late_dropout,hyp_late_dropout_start_epoch,hyp_warmup_epochs,hyp_lr_min_ratio,hyp_label_smoothing,hyp_awp_delta,hyp_awp_start_epoch,hyp_lookahead_k,hyp_lookahead_alpha,hyp_features,hyp_diff_mode,hyp_augment,training_stop_reason,hyp_collapse_ratio,hyp_collapse_patience,hyp_stop_after_epoch,hyp_embed_dim,hyp_cos_scale,hyp_null_weight,hyp_ramp_start,hyp_boundary_weight,hyp_composer,hyp_val_fraction,hyp_held_out_glosses,notes
gislr,bilstm,1789258464,2026-09-13T06:14:24,ME_126,xy,0.8719305673158341,canonical,0.8719305673158341,0.8708349027554381,0.8791891891891892,0.0,0.7503,126,252,2751218,250,BiLSTM,False,stratified 90/10,42,9448,True,v2-plateau-300,gislr.1.models.training.ipynb,300,54,52,True,True,12.0,True,local,0.8719305673158341,,2026-09-16T20:19:38,gislr canonical eval,a626da4290daf9572a81574cae89853100eacbe8,True,True,experiments/recognition/configs/gislr.training.json,sha256:7c3886da1f92b8c31c3c315a1b873f0edb49924255c65e7b113684452746e0b0,base_v1,a4b7673e6f1b36fe,94477.0,sha256:06cbf68cbdfe4b02413c3d3d6a3e02d5d65e42fd1e83102ef6d65a42f3dfb2a4,3.12.3,2.13.0+cu130,2.5.1,1.9.0,NVIDIA GeForce RTX 4080 SUPER,1024,0.001414,256,2,0.3,0.0001,300,5.0,0.5,5.0,15.0,0.001,42,128.0,0,CE + label smoothing 0.1,AMP,,,,,,,,,,,,,,,,,,,,,,,,,,,,ME_126 · bilstm · regime v2-plateau-300.
gislr,bilstm,1784447175,2026-07-19T13:46:15,ME_126,xy,0.7568797629127858,canonical,0.7568797629127858,0.7548827217837178,0.7728110599078342,7.0,0.7569,126,252,2751218,250,BiLSTM,False,stratified 90/10,42,9448,True,v2-plateau-300,gislr.1.models.training.ipynb,300,84,84,True,True,35.7,False,,,,,,,,,,,,,,,,,,,,1024,0.001414,256,2,0.3,0.0001,300,5.0,0.5,5.0,15.0,0.001,42,128.0,0,CE + label smoothing 0.1,AMP,,,,,,,,,,,,,,,,,,,,,,,,,,,,ME_126 · bilstm · regime v2-plateau-300.
gislr,bilstm,1784397301,2026-07-18T23:55:01,FP_118,xy,0.7525402201524132,canonical,0.7525402201524132,0.7501010585133796,0.7631578947368421,10.0,0.7526,118,236,2718418,250,BiLSTM,False,stratified 90/10,42,9448,True,v2-plateau-300,gislr.1.model.bilstm.ipynb,300,97,82,True,True,21.0,False,,,,,,,,,,,,,,,,,,,,1024,0.001414,256,2,0.3,0.0001,300,5.0,0.5,5.0,15.0,0.001,42,128.0,0,CE + label smoothing 0.1,AMP,,,,,,,,,,,,,,,,,,,,,,,,,,,,FP_118 subset · regime v2-plateau-300.
gislr,bilstm,1784395799,2026-07-18T23:29:59,ME_126,xy,0.7504233700254022,canonical,0.7504233700254022,0.7483227477711505,0.7639318885448916,10.0,0.7503,126,252,2751218,250,BiLSTM,False,stratified 90/10,42,9448,True,v2-plateau-300,gislr.1.model.bilstm.ipynb,300,54,52,True,True,11.9,False,,,,,,,,,,,,,,,,,,,,1024,0.001414,256,2,0.3,0.0001,300,5.0,0.5,5.0,15.0,0.001,42,128.0,0,CE + label smoothing 0.1,AMP,,,,,,,,,,,,,,,,,,,,,,,,,,,,ME_126 subset · regime v2-plateau-300.
gislr,bilstm,1784396516,2026-07-18T23:41:56,ME_132,xy,0.7475656223539373,canonical,0.7475656223539373,0.7454587849297787,0.7631578947368421,11.0,0.7476,132,264,2775818,250,BiLSTM,False,stratified 90/10,42,9448,True,v2-plateau-300,gislr.1.model.bilstm.ipynb,300,59,50,True,True,13.0,False,,,,,,,,,,,,,,,,,,,,1024,0.001414,256,2,0.3,0.0001,300,5.0,0.5,5.0,15.0,0.001,42,128.0,0,CE + label smoothing 0.1,AMP,,,,,,,,,,,,,,,,,,,,,,,,,,,,ME_132 subset · regime v2-plateau-300.
gislr,bilstm,1784459026,2026-07-19T17:03:46,ME_132,xy,0.7475656223539373,canonical,0.7475656223539373,0.7454587849297787,0.7631578947368421,11.0,0.7476,132,264,2775818,250,BiLSTM,False,stratified 90/10,42,9448,True,v2-plateau-300,gislr.1.models.training.ipynb,300,59,50,True,True,13.1,False,,,,,,,,,,,,,,,,,,,,1024,0.001414,256,2,0.3,0.0001,300,5.0,0.5,5.0,15.0,0.001,42,128.0,0,CE + label smoothing 0.1,AMP,,,,,,,,,,,,,,,,,,,,,,,,,,,,ME_132 · bilstm · regime v2-plateau-300.
gislr,bilstm,1784459817,2026-07-19T17:16:57,FP_118,xy,0.7415325994919559,canonical,0.7415325994919559,0.739415379118431,0.7533783783783784,10.0,0.7416,118,236,2718418,250,BiLSTM,False,stratified 90/10,42,9448,True,v2-plateau-300,gislr.1.models.training.ipynb,300,50,49,False,False,10.8,False,,,,,,,,,,,,,,,,,,,,1024,0.001414,256,2,0.3,0.0001,300,5.0,0.5,5.0,15.0,0.001,42,128.0,0,CE + label smoothing 0.1,AMP,,,,,,,,,,,,,,,,,,,,,,,,,,,,FP_118 · bilstm · regime v2-plateau-300.
gislr,cnn1d,1784400020,2026-07-19T00:40:20,ME_132,xy,0.5413844199830652,canonical,0.5413844199830652,0.5394400089164457,0.5513157894736842,98.0,0.5414,132,264,732426,250,CausalConv1D,True,stratified 90/10,42,9448,True,v2-plateau-300,gislr.1.model.cnn1d.ipynb,300,144,142,True,True,20.6,False,,,,,,,,,,,,,,,,,,,,1024,0.001414,256,2,0.3,0.0001,300,5.0,0.5,5.0,15.0,0.001,42,128.0,0,CE + label smoothing 0.1,AMP,,,,,,,,,,,,,,,,,,,,,,,,,,,,ME_132 subset · regime v2-plateau-300.
gislr,cnn1d,1784451163,2026-07-19T14:52:43,FP_118,xy,0.5405376799322608,canonical,0.5405376799322608,0.5385771096229137,0.5428571428571428,95.0,0.5407,118,236,696530,250,CausalConv1D,True,stratified 90/10,42,9448,True,v2-plateau-300,gislr.1.model.cnn1d.ipynb,300,157,155,True,True,28.7,False,,,,,,,,,,,,,,,,,,,,1024,0.001414,256,2,0.3,0.0001,300,5.0,0.5,5.0,15.0,0.001,42,128.0,0,CE + label smoothing 0.1,AMP,,,,,,,,,,,,,,,,,,,,,,,,,,,,FP_118 subset · regime v2-plateau-300.
gislr,cnn1d,1784449360,2026-07-19T14:22:40,ME_132,xy,0.5401143099068586,canonical,0.5401143099068586,0.5382760552068698,0.554093567251462,99.0,0.54,132,264,732426,250,CausalConv1D,True,stratified 90/10,42,9448,True,v2-plateau-300,gislr.1.model.cnn1d.ipynb,300,153,148,True,True,30.0,False,,,,,,,,,,,,,,,,,,,,1024,0.001414,256,2,0.3,0.0001,300,5.0,0.5,5.0,15.0,0.001,42,128.0,0,CE + label smoothing 0.1,AMP,,,,,,,,,,,,,,,,,,,,,,,,,,,,ME_132 subset · regime v2-plateau-300.
gislr,cnn1d,1784447182,2026-07-19T13:46:22,ME_126,xy,0.5375740897544454,canonical,0.5375740897544454,0.5356147449282919,0.5488095238095239,99.0,0.5375,126,252,717042,250,CausalConv1D,True,stratified 90/10,42,9448,True,v2-plateau-300,gislr.1.model.cnn1d.ipynb,300,131,127,True,True,34.6,False,,,,,,,,,,,,,,,,,,,,1024,0.001414,256,2,0.3,0.0001,300,5.0,0.5,5.0,15.0,0.001,42,128.0,0,CE + label smoothing 0.1,AMP,,,,,,,,,,,,,,,,,,,,,,,,,,,,ME_126 subset · regime v2-plateau-300.
gislr,cnn1d,1784399151,2026-07-19T00:25:51,ME_126,xy,0.5363039796782387,canonical,0.5363039796782387,0.534467779792512,0.5428571428571428,95.0,0.5365,126,252,717042,250,CausalConv1D,True,stratified 90/10,42,9448,True,v2-plateau-300,gislr.1.model.cnn1d.ipynb,300,134,129,True,True,14.4,False,,,,,,,,,,,,,,,,,,,,1024,0.001414,256,2,0.3,0.0001,300,5.0,0.5,5.0,15.0,0.001,42,128.0,0,CE + label smoothing 0.1,AMP,,,,,,,,,,,,,,,,,,,,,,,,,,,,ME_126 subset · regime v2-plateau-300.
gislr,cnn1d,1784401260,2026-07-19T01:01:00,FP_118,xy,0.5343988145639289,canonical,0.5343988145639289,0.5326129048879413,0.5395010395010396,95.0,0.5344,118,236,696530,250,CausalConv1D,True,stratified 90/10,42,9448,True,v2-plateau-300,gislr.1.model.cnn1d.ipynb,300,131,127,True,True,19.6,False,,,,,,,,,,,,,,,,,,,,1024,0.001414,256,2,0.3,0.0001,300,5.0,0.5,5.0,15.0,0.001,42,128.0,0,CE + label smoothing 0.1,AMP,,,,,,,,,,,,,,,,,,,,,,,,,,,,FP_118 subset · regime v2-plateau-300.
gislr,conv1d_transformer,1787494351,2026-08-23T20:12:31,FP_118,xy,0.7548,pending,,,,,0.7548,118,708,1830040,250,Conv1DTransformer,False,stratified 90/10,42,9448,True,fp-onecycle-300,gislr.1.models.firstplace.ipynb,300,25,25,True,True,7.5,False,,,,,,,,,,,,,,,,,,,,512,0.004,192,2,0.2,0.1,300,1.0,,,30.0,0.001,42,384.0,8,CE + label smoothing 0.1,AMP,17.0,4.0,2.0,0.8,15.0,0.0,0.002,0.1,0.0,15.0,5.0,0.5,firstplace(norm+lag1+lag2),forward,True,stop_after_epoch,0.5,3.0,25.0,,,,,,,,,"FP_118 · 1st-place port (TODO §4.2) · regime fp-onecycle-300. ABLATION A_no_awp ({'awp_delta': 0.0}) — §5b, NOT a leaderboard run"
gislr,conv1d_transformer,1787483814,2026-08-23T17:16:54,FP_118,xy,0.7458721422523286,canonical,0.7458721422523286,0.7433238311845382,0.7631578947368421,13.0,0.746,118,708,1830040,250,Conv1DTransformer,False,stratified 90/10,42,9448,True,fp-onecycle-300,gislr.1.models.firstplace.ipynb,300,300,15,False,True,120.9,False,,,,,,,,,,,,,,,,,,,,512,0.004,192,2,0.2,0.1,300,0.0,,,,,42,384.0,8,CE + label smoothing 0.1,AMP,17.0,4.0,2.0,0.8,15.0,0.0,0.002,0.1,0.2,15.0,5.0,0.5,firstplace(norm+lag1+lag2),forward,True,,,,,,,,,,,,,FP_118 · 1st-place port (TODO §4.2) · regime fp-onecycle-300.
gislr,conv1d_transformer,1787492560,2026-08-23T19:42:40,FP_118,xy,0.7415,pending,,,,,0.7415,118,708,1830040,250,Conv1DTransformer,False,stratified 90/10,42,9448,True,fp-onecycle-300,gislr.1.models.firstplace.ipynb,300,18,15,True,True,9.1,False,,,,,,,,,,,,,,,,,,,,512,0.004,192,2,0.2,0.1,300,1.0,,,30.0,0.001,42,384.0,8,CE + label smoothing 0.1,AMP,17.0,4.0,2.0,0.8,15.0,0.0,0.002,0.1,0.2,15.0,5.0,0.5,firstplace(norm+lag1+lag2),forward,True,collapse,0.5,3.0,,,,,,,,,,FP_118 · 1st-place port (TODO §4.2) · regime fp-onecycle-300.
gislr,conv1d_transformer,1787493805,2026-08-23T20:03:25,FP_118,xy,0.7385,pending,,,,,0.7385,118,708,1830040,250,Conv1DTransformer,False,stratified 90/10,42,9448,True,fp-onecycle-300,gislr.1.models.firstplace.ipynb,300,18,15,True,True,9.0,False,,,,,,,,,,,,,,,,,,,,512,0.004,192,2,0.2,0.1,300,1.0,,,30.0,0.001,42,384.0,8,CE + label smoothing 0.1,AMP,17.0,4.0,2.0,0.8,15.0,0.0,0.002,0.1,0.2,15.0,5.0,0.5,firstplace(norm+lag1+lag2),forward,True,collapse,0.5,3.0,0.0,,,,,,,,,FP_118 · 1st-place port (TODO §4.2) · regime fp-onecycle-300.
gislr,conv1d_transformer,1787494807,2026-08-23T20:20:07,FP_118,xy,0.7376,pending,,,,,0.7376,118,708,1830040,250,Conv1DTransformer,False,stratified 90/10,42,9448,True,fp-onecycle-300,gislr.1.models.firstplace.ipynb,300,18,15,True,True,5.5,False,,,,,,,,,,,,,,,,,,,,512,0.004,192,2,0.2,0.1,300,1.0,,,30.0,0.001,42,384.0,8,CE + label smoothing 0.1,AMP,17.0,4.0,2.0,0.0,15.0,0.0,0.002,0.1,0.2,15.0,5.0,0.5,firstplace(norm+lag1+lag2),forward,True,collapse,0.5,3.0,25.0,,,,,,,,,"FP_118 · 1st-place port (TODO §4.2) · regime fp-onecycle-300. ABLATION B_no_late_dropout ({'late_dropout': 0.0}) — §5b, NOT a leaderboard run"
gislr,conv1d_transformer,1787495142,2026-08-23T20:25:42,FP_118,xy,0.734,pending,,,,,0.734,118,708,1830040,250,Conv1DTransformer,False,stratified 90/10,42,9448,True,fp-onecycle-300,gislr.1.models.firstplace.ipynb,300,18,15,True,True,5.5,False,,,,,,,,,,,,,,,,,,,,512,0.004,192,2,0.2,0.1,300,1.0,,,30.0,0.001,42,384.0,8,CE + label smoothing 0.1,AMP,17.0,4.0,2.0,0.8,15.0,0.0,0.002,0.1,0.2,15.0,5.0,0.5,firstplace(norm+lag1+lag2),forward,True,collapse,0.5,3.0,25.0,,,,,,,,,"FP_118 · 1st-place port (TODO §4.2) · regime fp-onecycle-300. ABLATION C_control (no change) — §5b, NOT a leaderboard run"
gislr,gru,1789251515,2026-09-13T04:18:35,ME_126,xy,0.8601291278577476,canonical,0.8601291278577476,0.8589425260466728,0.8675438596491228,0.0,0.7566,126,252,851698,250,StreamingGRU,True,stratified 90/10,42,9448,True,v2-plateau-300,gislr.1.models.training.ipynb,300,81,75,True,True,11.3,True,local,0.8601291278577476,,2026-09-16T20:18:57,gislr canonical eval,a626da4290daf9572a81574cae89853100eacbe8,True,True,experiments/recognition/configs/gislr.training.json,sha256:7c3886da1f92b8c31c3c315a1b873f0edb49924255c65e7b113684452746e0b0,base_v1,a4b7673e6f1b36fe,94477.0,sha256:06cbf68cbdfe4b02413c3d3d6a3e02d5d65e42fd1e83102ef6d65a42f3dfb2a4,3.12.3,2.13.0+cu130,2.5.1,1.9.0,NVIDIA GeForce RTX 4080 SUPER,1024,0.001414,256,2,0.3,0.0001,300,5.0,0.5,5.0,15.0,0.001,42,128.0,0,CE + label smoothing 0.1,AMP,,,,,,,,,,,,,,,,,,,,,,,,,,,,ME_126 · gru · regime v2-plateau-300.
gislr,gru,1789252933,2026-09-13T04:42:13,FP_118,xy,0.8533552074513124,canonical,0.8533552074513124,0.8521046951048115,0.8625,0.0,0.7506,118,236,839378,250,StreamingGRU,True,stratified 90/10,42,9448,True,v2-plateau-300,gislr.1.models.training.ipynb,300,85,83,True,True,11.7,True,local,0.8533552074513124,,2026-09-16T20:19:22,gislr canonical eval,a626da4290daf9572a81574cae89853100eacbe8,True,True,experiments/recognition/configs/gislr.training.json,sha256:7c3886da1f92b8c31c3c315a1b873f0edb49924255c65e7b113684452746e0b0,base_v1,686e48fb9c09cc47,94477.0,sha256:06cbf68cbdfe4b02413c3d3d6a3e02d5d65e42fd1e83102ef6d65a42f3dfb2a4,3.12.3,2.13.0+cu130,2.5.1,1.9.0,NVIDIA GeForce RTX 4080 SUPER,1024,0.001414,256,2,0.3,0.0001,300,5.0,0.5,5.0,15.0,0.001,42,128.0,0,CE + label smoothing 0.1,AMP,,,,,,,,,,,,,,,,,,,,,,,,,,,,FP_118 · gru · regime v2-plateau-300.
gislr,gru,1789252196,2026-09-13T04:29:56,ME_132,xy,0.8486981371718882,canonical,0.8486981371718882,0.8473441767121588,0.8571428571428571,0.0,0.7495,132,264,860938,250,StreamingGRU,True,stratified 90/10,42,9448,True,v2-plateau-300,gislr.1.models.training.ipynb,300,85,70,True,True,12.2,True,local,0.8486981371718882,,2026-09-16T20:19:51,gislr canonical eval,a626da4290daf9572a81574cae89853100eacbe8,True,True,experiments/recognition/configs/gislr.training.json,sha256:7c3886da1f92b8c31c3c315a1b873f0edb49924255c65e7b113684452746e0b0,base_v1,57c971358feffba4,94477.0,sha256:06cbf68cbdfe4b02413c3d3d6a3e02d5d65e42fd1e83102ef6d65a42f3dfb2a4,3.12.3,2.13.0+cu130,2.5.1,1.9.0,NVIDIA GeForce RTX 4080 SUPER,1024,0.001414,256,2,0.3,0.0001,300,5.0,0.5,5.0,15.0,0.001,42,128.0,0,CE + label smoothing 0.1,AMP,,,,,,,,,,,,,,,,,,,,,,,,,,,,ME_132 · gru · regime v2-plateau-300.
gislr,gru,1784447187,2026-07-19T13:46:27,ME_126,xy,0.7564563928873835,canonical,0.7564563928873835,0.7546843838694886,0.7567567567567568,8.0,0.7566,126,252,851698,250,StreamingGRU,True,stratified 90/10,42,9448,True,v2-plateau-300,gislr.1.model.gru.ipynb,300,81,75,True,True,43.0,False,,,,,,,,,,,,,,,,,,,,1024,0.001414,256,2,0.3,0.0001,300,5.0,0.5,5.0,15.0,0.001,42,128.0,0,CE + label smoothing 0.1,AMP,,,,,,,,,,,,,,,,,,,,,,,,,,,,ME_126 subset · regime v2-plateau-300.
gislr,gru,1784453891,2026-07-19T15:38:11,ME_126,xy,0.7564563928873835,canonical,0.7564563928873835,0.7546843838694886,0.7567567567567568,8.0,0.7566,126,252,851698,250,StreamingGRU,True,stratified 90/10,42,9448,True,v2-plateau-300,gislr.1.models.training.ipynb,300,81,75,True,True,11.4,False,,,,,,,,,,,,,,,,,,,,1024,0.001414,256,2,0.3,0.0001,300,5.0,0.5,5.0,15.0,0.001,42,128.0,0,CE + label smoothing 0.1,AMP,,,,,,,,,,,,,,,,,,,,,,,,,,,,ME_126 · gru · regime v2-plateau-300.
gislr,gru,1789559734,2026-09-16T17:55:34,ME_132,xy,0.7517464013547841,canonical,0.7517464013547841,0.7498874392985222,0.7615789473684211,5.0,0.7518,132,264,860938,250,StreamingGRU,True,"stratified 80/20 (fixed, GISLR_Stratified-provided)",42,18896,False,v2-plateau-300,gislr.1.models.training.ipynb,300,81,80,True,True,18.2,True,local,0.7517464013547841,,2026-09-16T20:19:10,gislr canonical eval,2613426e7279f37d029d54487de1b21509563934,True,False,experiments/recognition/configs/gislr.training.json,sha256:7c3886da1f92b8c31c3c315a1b873f0edb49924255c65e7b113684452746e0b0,base_v1,b94308e09d35b436,94477.0,sha256:1a1d3a1fa62e83e57ed4df30925c3aeee631910f960841f8bb877e3bbf7801b4,3.12.3,2.13.0+cu130,2.5.1,1.9.0,NVIDIA GeForce RTX 4080 SUPER,1024,0.001414,256,2,0.3,0.0001,300,5.0,0.5,5.0,15.0,0.001,42,128.0,0,CE + label smoothing 0.1,AMP,,,,,,,,,,,,,,,,,,,,,,,,,,,,ME_132 · gru · regime v2-plateau-300.
gislr,gru,1784451456,2026-07-19T14:57:36,FP_118,xy,0.7505292125317528,canonical,0.7505292125317528,0.7486227114266636,0.7567567567567568,8.0,0.7506,118,236,839378,250,StreamingGRU,True,stratified 90/10,42,9448,True,v2-plateau-300,gislr.1.model.gru.ipynb,300,85,83,True,True,26.6,False,,,,,,,,,,,,,,,,,,,,1024,0.001414,256,2,0.3,0.0001,300,5.0,0.5,5.0,15.0,0.001,42,128.0,0,CE + label smoothing 0.1,AMP,,,,,,,,,,,,,,,,,,,,,,,,,,,,FP_118 subset · regime v2-plateau-300.
gislr,gru,1784455294,2026-07-19T16:01:34,FP_118,xy,0.7505292125317528,canonical,0.7505292125317528,0.7486227114266636,0.7567567567567568,8.0,0.7506,118,236,839378,250,StreamingGRU,True,stratified 90/10,42,9448,True,v2-plateau-300,gislr.1.models.training.ipynb,300,85,83,True,True,11.1,False,,,,,,,,,,,,,,,,,,,,1024,0.001414,256,2,0.3,0.0001,300,5.0,0.5,5.0,15.0,0.001,42,128.0,0,CE + label smoothing 0.1,AMP,,,,,,,,,,,,,,,,,,,,,,,,,,,,FP_118 · gru · regime v2-plateau-300.
gislr,gru,1784449770,2026-07-19T14:29:30,ME_132,xy,0.7492591024555462,canonical,0.7492591024555462,0.7473014148981847,0.7669683257918551,7.0,0.7495,132,264,860938,250,StreamingGRU,True,stratified 90/10,42,9448,True,v2-plateau-300,gislr.1.model.gru.ipynb,300,85,70,True,True,28.0,False,,,,,,,,,,,,,,,,,,,,1024,0.001414,256,2,0.3,0.0001,300,5.0,0.5,5.0,15.0,0.001,42,128.0,0,CE + label smoothing 0.1,AMP,,,,,,,,,,,,,,,,,,,,,,,,,,,,ME_132 subset · regime v2-plateau-300.
gislr,gru,1784454580,2026-07-19T15:49:40,ME_132,xy,0.7492591024555462,canonical,0.7492591024555462,0.7473014148981847,0.7669683257918551,7.0,0.7495,132,264,860938,250,StreamingGRU,True,stratified 90/10,42,9448,True,v2-plateau-300,gislr.1.models.training.ipynb,300,85,70,True,True,11.8,False,,,,,,,,,,,,,,,,,,,,1024,0.001414,256,2,0.3,0.0001,300,5.0,0.5,5.0,15.0,0.001,42,128.0,0,CE + label smoothing 0.1,AMP,,,,,,,,,,,,,,,,,,,,,,,,,,,,ME_132 · gru · regime v2-plateau-300.
gislr,gru,1784393064,2026-07-18T22:44:24,ME_126,xy,0.7471422523285352,canonical,0.7471422523285352,0.7452284767016679,0.7567567567567568,12.0,0.7472,126,252,851698,250,StreamingGRU,True,stratified 90/10,42,9448,True,v2-plateau-300,gislr.1.model.gru.ipynb,300,76,61,True,True,10.3,False,,,,,,,,,,,,,,,,,,,,2048,0.002,256,2,0.3,0.0001,300,5.0,0.5,5.0,15.0,0.001,42,128.0,0,CE + label smoothing 0.1,AMP,,,,,,,,,,,,,,,,,,,,,,,,,,,,ME_126 subset · regime v2-plateau-300.
gislr,gru,1789558839,2026-09-16T17:40:39,ME_126,xy,0.7450254022015241,canonical,0.7450254022015241,0.7429711756070833,0.759493670886076,3.0,0.7451,126,252,851698,250,StreamingGRU,True,"stratified 80/20 (fixed, GISLR_Stratified-provided)",42,18896,False,v2-plateau-300,gislr.1.models.training.ipynb,300,67,62,True,True,14.9,True,local,0.7450254022015241,,2026-09-16T20:20:18,gislr canonical eval,2613426e7279f37d029d54487de1b21509563934,True,False,experiments/recognition/configs/gislr.training.json,sha256:7c3886da1f92b8c31c3c315a1b873f0edb49924255c65e7b113684452746e0b0,base_v1,4ffb3148942dca48,94477.0,sha256:1a1d3a1fa62e83e57ed4df30925c3aeee631910f960841f8bb877e3bbf7801b4,3.12.3,2.13.0+cu130,2.5.1,1.9.0,NVIDIA GeForce RTX 4080 SUPER,1024,0.001414,256,2,0.3,0.0001,300,5.0,0.5,5.0,15.0,0.001,42,128.0,0,CE + label smoothing 0.1,AMP,,,,,,,,,,,,,,,,,,,,,,,,,,,,ME_126 · gru · regime v2-plateau-300.
gislr,gru,1784393683,2026-07-18T22:54:43,ME_132,xy,0.7447078746824725,canonical,0.7447078746824725,0.742610935013359,0.7631578947368421,9.0,0.7448,132,264,860938,250,StreamingGRU,True,stratified 90/10,42,9448,True,v2-plateau-300,gislr.1.model.gru.ipynb,300,76,61,True,True,10.5,False,,,,,,,,,,,,,,,,,,,,2048,0.002,256,2,0.3,0.0001,300,5.0,0.5,5.0,15.0,0.001,42,128.0,0,CE + label smoothing 0.1,AMP,,,,,,,,,,,,,,,,,,,,,,,,,,,,ME_132 subset · regime v2-plateau-300.
gislr,gru,1789560829,2026-09-16T18:13:49,FP_118,xy,0.742485182049111,canonical,0.742485182049111,0.7404188063165794,0.7565835065835066,9.0,0.7425,118,236,839378,250,StreamingGRU,True,"stratified 80/20 (fixed, GISLR_Stratified-provided)",42,18896,False,v2-plateau-300,gislr.1.models.training.ipynb,300,74,74,True,True,11.2,True,local,0.742485182049111,,2026-09-16T20:20:43,gislr canonical eval,2613426e7279f37d029d54487de1b21509563934,True,False,experiments/recognition/configs/gislr.training.json,sha256:7c3886da1f92b8c31c3c315a1b873f0edb49924255c65e7b113684452746e0b0,base_v1,85ba4bf196713928,94477.0,sha256:1a1d3a1fa62e83e57ed4df30925c3aeee631910f960841f8bb877e3bbf7801b4,3.12.3,2.13.0+cu130,2.5.1,1.9.0,NVIDIA GeForce RTX 4080 SUPER,1024,0.001414,256,2,0.3,0.0001,300,5.0,0.5,5.0,15.0,0.001,42,128.0,0,CE + label smoothing 0.1,AMP,,,,,,,,,,,,,,,,,,,,,,,,,,,,FP_118 · gru · regime v2-plateau-300.
gislr,gru,1784394315,2026-07-18T23:05:15,FP_118,xy,0.7419559695173582,canonical,0.7419559695173582,0.7399617988796118,0.7533783783783784,9.0,0.7421,118,236,839378,250,StreamingGRU,True,stratified 90/10,42,9448,True,v2-plateau-300,gislr.1.model.gru.ipynb,300,70,69,True,True,9.2,False,,,,,,,,,,,,,,,,,,,,2048,0.002,256,2,0.3,0.0001,300,5.0,0.5,5.0,15.0,0.001,42,128.0,0,CE + label smoothing 0.1,AMP,,,,,,,,,,,,,,,,,,,,,,,,,,,,FP_118 subset · regime v2-plateau-300.
gislr,gru,1784387336,2026-07-18T21:08:56,FP_118,xyz,0.7388865368331922,canonical,0.7388865368331922,0.736758679759374,0.7567567567567568,11.0,0.7388,118,354,930238,250,StreamingGRU,True,stratified 90/10,42,9448,True,v2-plateau-300,gislr.1.model.gru.ipynb,300,89,80,True,True,15.5,False,,,,,,,,,,,,,,,,,,,,512,0.001,256,2,0.3,0.0001,300,5.0,0.5,5.0,15.0,0.001,42,128.0,0,CE + label smoothing 0.1,AMP,,,,,,,,,,,,,,,,,,,,,,,,,,,,FP_118 subset · regime v2-plateau-300.
gislr,gru,1784390290,2026-07-18T21:58:10,FP_118,xyz,0.7388865368331922,canonical,0.7388865368331922,0.736758679759374,0.7567567567567568,11.0,0.7388,118,354,930238,250,StreamingGRU,True,stratified 90/10,42,9448,True,v2-plateau-300,gislr.1.model.gru.ipynb,300,89,80,True,True,15.5,False,,,,,,,,,,,,,,,,,,,,512,0.001,256,2,0.3,0.0001,300,5.0,0.5,5.0,15.0,0.001,42,128.0,0,CE + label smoothing 0.1,AMP,,,,,,,,,,,,,,,,,,,,,,,,,,,,FP_118 subset · regime v2-plateau-300.
gislr,gru,1784385530,2026-07-18T20:38:50,ME_126,xyz,0.7305249788314987,canonical,0.7305249788314987,0.7285164286757845,0.7368421052631579,12.0,0.7307,126,378,948718,250,StreamingGRU,True,stratified 90/10,42,9448,True,v2-plateau-300,gislr.1.model.gru.ipynb,300,89,74,True,True,15.9,False,,,,,,,,,,,,,,,,,,,,512,0.001,256,2,0.3,0.0001,300,5.0,0.5,5.0,15.0,0.001,42,128.0,0,CE + label smoothing 0.1,AMP,,,,,,,,,,,,,,,,,,,,,,,,,,,,ME_126 subset · regime v2-plateau-300.
gislr,gru,1784388482,2026-07-18T21:28:02,ME_126,xyz,0.7305249788314987,canonical,0.7305249788314987,0.7285164286757845,0.7368421052631579,12.0,0.7307,126,378,948718,250,StreamingGRU,True,stratified 90/10,42,9448,True,v2-plateau-300,gislr.1.model.gru.ipynb,300,89,74,True,True,15.9,False,,,,,,,,,,,,,,,,,,,,512,0.001,256,2,0.3,0.0001,300,5.0,0.5,5.0,15.0,0.001,42,128.0,0,CE + label smoothing 0.1,AMP,,,,,,,,,,,,,,,,,,,,,,,,,,,,ME_126 subset · regime v2-plateau-300.
gislr,gru,1784386490,2026-07-18T20:54:50,ME_132,xyz,0.719411515664691,canonical,0.719411515664691,0.7171253576720411,0.7273648648648648,12.0,0.7194,132,396,962578,250,StreamingGRU,True,stratified 90/10,42,9448,True,v2-plateau-300,gislr.1.model.gru.ipynb,300,78,63,True,True,14.0,False,,,,,,,,,,,,,,,,,,,,512,0.001,256,2,0.3,0.0001,300,5.0,0.5,5.0,15.0,0.001,42,128.0,0,CE + label smoothing 0.1,AMP,,,,,,,,,,,,,,,,,,,,,,,,,,,,ME_132 subset · regime v2-plateau-300.
gislr,gru,1784389439,2026-07-18T21:43:59,ME_132,xyz,0.719411515664691,canonical,0.719411515664691,0.7171253576720411,0.7273648648648648,12.0,0.7194,132,396,962578,250,StreamingGRU,True,stratified 90/10,42,9448,True,v2-plateau-300,gislr.1.model.gru.ipynb,300,78,63,True,True,14.1,False,,,,,,,,,,,,,,,,,,,,512,0.001,256,2,0.3,0.0001,300,5.0,0.5,5.0,15.0,0.001,42,128.0,0,CE + label smoothing 0.1,AMP,,,,,,,,,,,,,,,,,,,,,,,,,,,,ME_132 subset · regime v2-plateau-300.
gislr,gru_continuous,1790139949,2026-09-23T11:05:49,ME_132,xy,0.7233,pending,,,,,0.7233,132,264,927505,250,ContinuousGRU,True,"stratified 80/20 (fixed, GISLR_Stratified-provided)",42,18896,False,continuous-v1,gislr.1.models.continuous.ipynb,150,95,83,True,True,24.5,False,,,,,,9a70da0687e7c5ef5e7ced1ff1dcb56aa018af2e,True,True,experiments/recognition/configs/gislr.continuous.json,sha256:ba4516c949038c5e41f8ded6389a779bb113016f819aa3212ec6cbf4a1527282,clipbank_v1,2d47c5837944dca0,75581.0,sha256:1a1d3a1fa62e83e57ed4df30925c3aeee631910f960841f8bb877e3bbf7801b4,3.12.3,2.13.0+cu130,2.5.1,1.9.0,NVIDIA GeForce RTX 4080 SUPER,64,0.001,256,2,0.3,0.0001,150,5.0,0.5,4.0,12.0,0.001,42,,0,"per-frame CE over glosses+null (label smoothing, ramped sign weights) + boundary BCE",AMP,,,,,,,,0.1,,,,,,,,,,,,256.0,16.0,0.5,0.3,0.5,"{'signs_per_seq': [1, 6], 'gap_frames': [0, 15], 'rest_frames': [5, 30], 'p_lowered_rest': 0.7, 'rest_ramp_frames': 8, 'rest_default_drop': 0.3, 'hand_visible_max': 0.9, 'rest_jitter': 0.002, 'max_frames': 600, 'boundary_before': 2, 'boundary_after': 1}",0.05,[],"C1: Primary model: GRU, per-frame gloss+null cross-entropy + sign-boundary BCE, all 250 glosses. Continuous streams composed from train.csv (71801 clips; 3780 held out for selection, seed 42); held-out glosses: none. Selection metric = segment accuracy on validation streams, not the canonical isolated split."
gislr,gru_continuous,1790143122,2026-09-23T11:58:42,ME_132,xy,0.7187764606265876,canonical,0.7187764606265876,0.7162709786852179,0.7341772151898734,15.0,0.7233,132,264,927505,250,ContinuousGRU,True,"stratified 80/20 (fixed, GISLR_Stratified-provided)",42,18896,False,continuous-v1,gislr.1.models.continuous.ipynb,150,95,83,True,True,24.3,True,local,0.7187764606265876,,2026-09-23T13:27:16,gislr canonical eval,4174f4f4e75919d2108e031a7c9913004315dbd5,True,False,experiments/recognition/configs/gislr.continuous.json,sha256:ba4516c949038c5e41f8ded6389a779bb113016f819aa3212ec6cbf4a1527282,clipbank_v1,2d47c5837944dca0,75581.0,sha256:1a1d3a1fa62e83e57ed4df30925c3aeee631910f960841f8bb877e3bbf7801b4,3.12.3,2.13.0+cu130,2.5.1,1.9.0,NVIDIA GeForce RTX 4080 SUPER,64,0.001,256,2,0.3,0.0001,150,5.0,0.5,4.0,12.0,0.001,42,,0,"per-frame CE over glosses+null (label smoothing, ramped sign weights) + boundary BCE",AMP,,,,,,,,0.1,,,,,,,,,,,,256.0,16.0,0.5,0.3,0.5,"{'signs_per_seq': [1, 6], 'gap_frames': [0, 15], 'rest_frames': [5, 30], 'p_lowered_rest': 0.7, 'rest_ramp_frames': 8, 'rest_default_drop': 0.3, 'hand_visible_max': 0.9, 'rest_jitter': 0.002, 'max_frames': 600, 'boundary_before': 2, 'boundary_after': 1}",0.05,[],"C1: Primary model: GRU, per-frame gloss+null cross-entropy + sign-boundary BCE, all 250 glosses. Continuous streams composed from train.csv (71801 clips; 3780 held out for selection, seed 42); held-out glosses: none. Selection metric = segment accuracy on validation streams, not the canonical isolated split."
gislr,gru_continuous,1790146838,2026-09-23T13:00:38,ME_132,xy,0.6695596951735817,canonical,0.6695596951735817,0.6669930874514665,0.7302494802494802,32.0,0.7243,132,264,927505,250,ContinuousGRU,True,"stratified 80/20 (fixed, GISLR_Stratified-provided)",42,18896,False,continuous-v1,gislr.1.models.continuous.ipynb,150,95,95,True,True,26.1,True,local,0.6695596951735817,,2026-09-23T13:28:04,gislr canonical eval,4174f4f4e75919d2108e031a7c9913004315dbd5,True,False,experiments/recognition/configs/gislr.continuous.json,sha256:ba4516c949038c5e41f8ded6389a779bb113016f819aa3212ec6cbf4a1527282,clipbank_v1,2d47c5837944dca0,75581.0,sha256:1a1d3a1fa62e83e57ed4df30925c3aeee631910f960841f8bb877e3bbf7801b4,3.12.3,2.13.0+cu130,2.5.1,1.9.0,NVIDIA GeForce RTX 4080 SUPER,64,0.001,256,2,0.3,0.0001,150,5.0,0.5,4.0,12.0,0.001,42,,0,"per-frame CE over glosses+null (label smoothing, ramped sign weights) + boundary BCE",AMP,,,,,,,,0.1,,,,,,,,,,,,256.0,16.0,0.5,0.3,0.5,"{'signs_per_seq': [1, 6], 'gap_frames': [0, 15], 'rest_frames': [5, 30], 'p_lowered_rest': 0.7, 'rest_ramp_frames': 8, 'rest_default_drop': 0.3, 'hand_visible_max': 0.9, 'rest_jitter': 0.002, 'max_frames': 600, 'boundary_before': 2, 'boundary_after': 1}",0.05,"['before', 'better', 'brown', 'cloud', 'grass', 'green', 'helicopter', 'jeans', 'night', 'owl', 'pool', 'pretty', 'puppy', 'red', 'see', 'snack', 'stuck', 'weus', 'will', 'yourself']","Copen: C1's recipe with 20 seeded glosses held out of training entirely (masked in the head); the model TODO §12.4 teaches new signs to. Continuous streams composed from train.csv (66096 clips; 3482 held out for selection, seed 42); held-out glosses: ['before', 'better', 'brown', 'cloud', 'grass', 'green', 'helicopter', 'jeans', 'night', 'owl', 'pool', 'pretty', 'puppy', 'red', 'see', 'snack', 'stuck', 'weus', 'will', 'yourself']. Selection metric = segment accuracy on validation streams, not the canonical isolated split."
gislr,gru_continuous,1790142624,2026-09-23T11:50:24,ME_132,xy,0.33541490262489415,canonical,0.33541490262489415,0.3352992342107099,0.30949419568822556,205.0,0.5005,132,264,927505,250,ContinuousGRU,True,"stratified 80/20 (fixed, GISLR_Stratified-provided)",42,18896,False,continuous-v1,gislr.1.models.continuous.ipynb,150,93,81,True,True,23.7,True,local,0.33541490262489415,,2026-09-23T13:27:49,gislr canonical eval,4174f4f4e75919d2108e031a7c9913004315dbd5,True,False,experiments/recognition/configs/gislr.continuous.json,sha256:ba4516c949038c5e41f8ded6389a779bb113016f819aa3212ec6cbf4a1527282,clipbank_v1,2d47c5837944dca0,75581.0,sha256:1a1d3a1fa62e83e57ed4df30925c3aeee631910f960841f8bb877e3bbf7801b4,3.12.3,2.13.0+cu130,2.5.1,1.9.0,NVIDIA GeForce RTX 4080 SUPER,64,0.001,256,2,0.3,0.0001,150,5.0,0.5,4.0,12.0,0.001,42,,0,"CTC over glosses, blank = null",AMP,,,,,,,,0.1,,,,,,,,,,,,256.0,16.0,0.5,0.3,0.5,"{'signs_per_seq': [1, 6], 'gap_frames': [0, 15], 'rest_frames': [5, 30], 'p_lowered_rest': 0.7, 'rest_ramp_frames': 8, 'rest_default_drop': 0.3, 'hand_visible_max': 0.9, 'rest_jitter': 0.002, 'max_frames': 600, 'boundary_before': 2, 'boundary_after': 1}",0.05,[],"C3: C1 trained with CTC (blank = null) instead of per-frame targets: the alignment-free reference real continuous video would need. Its boundary head is untrained. Continuous streams composed from train.csv (71801 clips; 3780 held out for selection, seed 42); held-out glosses: none. Selection metric = segment accuracy on validation streams, not the canonical isolated split."
gislr,gru_deep,1789253641,2026-09-13T04:54:01,ME_126,xy,0.862881033022862,canonical,0.862881033022862,0.8616428800009489,0.8701298701298701,0.0,0.7413,126,252,3493618,250,StreamingGRU,True,stratified 90/10,42,9448,True,v2-plateau-300,gislr.1.models.training.ipynb,300,92,78,True,True,17.1,True,local,0.862881033022862,,2026-09-16T20:21:26,gislr canonical eval,a626da4290daf9572a81574cae89853100eacbe8,True,True,experiments/recognition/configs/gislr.training.json,sha256:7c3886da1f92b8c31c3c315a1b873f0edb49924255c65e7b113684452746e0b0,base_v1,a4b7673e6f1b36fe,94477.0,sha256:06cbf68cbdfe4b02413c3d3d6a3e02d5d65e42fd1e83102ef6d65a42f3dfb2a4,3.12.3,2.13.0+cu130,2.5.1,1.9.0,NVIDIA GeForce RTX 4080 SUPER,1024,0.001414,384,4,0.3,0.0001,300,5.0,0.5,5.0,15.0,0.001,42,128.0,0,CE + label smoothing 0.1,AMP,,,,,,,,,,,,,,,,,,,,,,,,,,,,"same StreamingGRU class as gru, deeper+wider (256x2 -> 384x4) — tests whether GRU capacity alone closes the gap to bilstm's 0.7569 without sacrificing streaming (TODO §4.1)."
gislr,gru_deep,1789255418,2026-09-13T05:23:38,FP_118,xy,0.860182049110923,canonical,0.860182049110923,0.859024277525565,0.8661691542288557,0.0,0.7416,118,236,3475154,250,StreamingGRU,True,stratified 90/10,42,9448,True,v2-plateau-300,gislr.1.models.training.ipynb,300,75,69,True,True,13.7,True,local,0.860182049110923,,2026-09-16T20:21:11,gislr canonical eval,a626da4290daf9572a81574cae89853100eacbe8,True,True,experiments/recognition/configs/gislr.training.json,sha256:7c3886da1f92b8c31c3c315a1b873f0edb49924255c65e7b113684452746e0b0,base_v1,686e48fb9c09cc47,94477.0,sha256:06cbf68cbdfe4b02413c3d3d6a3e02d5d65e42fd1e83102ef6d65a42f3dfb2a4,3.12.3,2.13.0+cu130,2.5.1,1.9.0,NVIDIA GeForce RTX 4080 SUPER,1024,0.001414,384,4,0.3,0.0001,300,5.0,0.5,5.0,15.0,0.001,42,128.0,0,CE + label smoothing 0.1,AMP,,,,,,,,,,,,,,,,,,,,,,,,,,,,"same StreamingGRU class as gru, deeper+wider (256x2 -> 384x4) — tests whether GRU capacity alone closes the gap to bilstm's 0.7569 without sacrificing streaming (TODO §4.1)."
gislr,gru_deep,1789254670,2026-09-13T05:11:10,ME_132,xy,0.8588590177815411,canonical,0.8588590177815411,0.8575344109345078,0.8675438596491228,0.0,0.7425,132,264,3507466,250,StreamingGRU,True,stratified 90/10,42,9448,True,v2-plateau-300,gislr.1.models.training.ipynb,300,65,59,True,True,12.4,True,local,0.8588590177815411,,2026-09-16T20:20:58,gislr canonical eval,a626da4290daf9572a81574cae89853100eacbe8,True,True,experiments/recognition/configs/gislr.training.json,sha256:7c3886da1f92b8c31c3c315a1b873f0edb49924255c65e7b113684452746e0b0,base_v1,57c971358feffba4,94477.0,sha256:06cbf68cbdfe4b02413c3d3d6a3e02d5d65e42fd1e83102ef6d65a42f3dfb2a4,3.12.3,2.13.0+cu130,2.5.1,1.9.0,NVIDIA GeForce RTX 4080 SUPER,1024,0.001414,384,4,0.3,0.0001,300,5.0,0.5,5.0,15.0,0.001,42,128.0,0,CE + label smoothing 0.1,AMP,,,,,,,,,,,,,,,,,,,,,,,,,,,,"same StreamingGRU class as gru, deeper+wider (256x2 -> 384x4) — tests whether GRU capacity alone closes the gap to bilstm's 0.7569 without sacrificing streaming (TODO §4.1)."
gislr,lstm,1789257008,2026-09-13T05:50:08,ME_132,xy,0.8564246401354784,canonical,0.8564246401354784,0.8551115603143554,0.8636056147471672,0.0,0.7451,132,264,1126154,250,StreamingLSTM,True,stratified 90/10,42,9448,True,v2-plateau-300,gislr.1.models.training.ipynb,300,89,79,True,True,12.9,True,local,0.8564246401354784,,2026-09-16T20:20:30,gislr canonical eval,a626da4290daf9572a81574cae89853100eacbe8,True,True,experiments/recognition/configs/gislr.training.json,sha256:7c3886da1f92b8c31c3c315a1b873f0edb49924255c65e7b113684452746e0b0,base_v1,57c971358feffba4,94477.0,sha256:06cbf68cbdfe4b02413c3d3d6a3e02d5d65e42fd1e83102ef6d65a42f3dfb2a4,3.12.3,2.13.0+cu130,2.5.1,1.9.0,NVIDIA GeForce RTX 4080 SUPER,1024,0.001414,256,2,0.3,0.0001,300,5.0,0.5,5.0,15.0,0.001,42,128.0,0,CE + label smoothing 0.1,AMP,,,,,,,,,,,,,,,,,,,,,,,,,,,,ME_132 · lstm · regime v2-plateau-300.
gislr,lstm,1789256241,2026-09-13T05:37:21,ME_126,xy,0.8540961049957663,canonical,0.8540961049957663,0.8526836331470208,0.858058608058608,0.0,0.746,126,252,1113842,250,StreamingLSTM,True,stratified 90/10,42,9448,True,v2-plateau-300,gislr.1.models.training.ipynb,300,89,82,True,True,12.7,True,local,0.8540961049957663,,2026-09-16T20:20:04,gislr canonical eval,a626da4290daf9572a81574cae89853100eacbe8,True,True,experiments/recognition/configs/gislr.training.json,sha256:7c3886da1f92b8c31c3c315a1b873f0edb49924255c65e7b113684452746e0b0,base_v1,a4b7673e6f1b36fe,94477.0,sha256:06cbf68cbdfe4b02413c3d3d6a3e02d5d65e42fd1e83102ef6d65a42f3dfb2a4,3.12.3,2.13.0+cu130,2.5.1,1.9.0,NVIDIA GeForce RTX 4080 SUPER,1024,0.001414,256,2,0.3,0.0001,300,5.0,0.5,5.0,15.0,0.001,42,128.0,0,CE + label smoothing 0.1,AMP,,,,,,,,,,,,,,,,,,,,,,,,,,,,ME_126 · lstm · regime v2-plateau-300.
gislr,lstm,1789257785,2026-09-13T06:03:05,FP_118,xy,0.8469517358171041,canonical,0.8469517358171041,0.84550492124725,0.8513513513513513,0.0,0.7356,118,236,1097426,250,StreamingLSTM,True,stratified 90/10,42,9448,True,v2-plateau-300,gislr.1.models.training.ipynb,300,80,79,True,True,11.2,True,local,0.8469517358171041,,2026-09-16T20:21:40,gislr canonical eval,a626da4290daf9572a81574cae89853100eacbe8,True,True,experiments/recognition/configs/gislr.training.json,sha256:7c3886da1f92b8c31c3c315a1b873f0edb49924255c65e7b113684452746e0b0,base_v1,686e48fb9c09cc47,94477.0,sha256:06cbf68cbdfe4b02413c3d3d6a3e02d5d65e42fd1e83102ef6d65a42f3dfb2a4,3.12.3,2.13.0+cu130,2.5.1,1.9.0,NVIDIA GeForce RTX 4080 SUPER,1024,0.001414,256,2,0.3,0.0001,300,5.0,0.5,5.0,15.0,0.001,42,128.0,0,CE + label smoothing 0.1,AMP,,,,,,,,,,,,,,,,,,,,,,,,,,,,FP_118 · lstm · regime v2-plateau-300.
gislr,lstm,1784447190,2026-07-19T13:46:30,ME_126,xy,0.745977984758679,canonical,0.745977984758679,0.7436643280377477,0.7533783783783784,9.0,0.746,126,252,1113842,250,StreamingLSTM,True,stratified 90/10,42,9448,True,v2-plateau-300,gislr.1.model.lstm.ipynb,300,89,82,True,True,48.1,False,,,,,,,,,,,,,,,,,,,,1024,0.001414,256,2,0.3,0.0001,300,5.0,0.5,5.0,15.0,0.001,42,128.0,0,CE + label smoothing 0.1,AMP,,,,,,,,,,,,,,,,,,,,,,,,,,,,ME_126 subset · regime v2-plateau-300.
gislr,lstm,1784455964,2026-07-19T16:12:44,ME_126,xy,0.745977984758679,canonical,0.745977984758679,0.7436643280377477,0.7533783783783784,9.0,0.746,126,252,1113842,250,StreamingLSTM,True,stratified 90/10,42,9448,True,v2-plateau-300,gislr.1.models.training.ipynb,300,89,82,True,True,12.1,False,,,,,,,,,,,,,,,,,,,,1024,0.001414,256,2,0.3,0.0001,300,5.0,0.5,5.0,15.0,0.001,42,128.0,0,CE + label smoothing 0.1,AMP,,,,,,,,,,,,,,,,,,,,,,,,,,,,ME_126 · lstm · regime v2-plateau-300.
gislr,lstm,1784399741,2026-07-19T00:35:41,ME_126,xy,0.7453429297205758,canonical,0.7453429297205758,0.7433138226772237,0.7567567567567568,6.0,0.7453,126,252,1113842,250,StreamingLSTM,True,stratified 90/10,42,9448,True,v2-plateau-300,gislr.1.model.lstm.ipynb,300,69,69,True,True,18.1,False,,,,,,,,,,,,,,,,,,,,512,0.001,256,2,0.3,0.0001,300,5.0,0.5,5.0,15.0,0.001,42,128.0,0,CE + label smoothing 0.1,AMP,,,,,,,,,,,,,,,,,,,,,,,,,,,,ME_126 subset · regime v2-plateau-300.
gislr,lstm,1784450082,2026-07-19T14:34:42,ME_132,xy,0.7451312447078747,canonical,0.7451312447078747,0.7429235260147211,0.7631578947368421,10.0,0.7451,132,264,1126154,250,StreamingLSTM,True,stratified 90/10,42,9448,True,v2-plateau-300,gislr.1.model.lstm.ipynb,300,89,79,True,True,29.3,False,,,,,,,,,,,,,,,,,,,,1024,0.001414,256,2,0.3,0.0001,300,5.0,0.5,5.0,15.0,0.001,42,128.0,0,CE + label smoothing 0.1,AMP,,,,,,,,,,,,,,,,,,,,,,,,,,,,ME_132 subset · regime v2-plateau-300.
gislr,lstm,1784456692,2026-07-19T16:24:52,ME_132,xy,0.7451312447078747,canonical,0.7451312447078747,0.7429235260147211,0.7631578947368421,10.0,0.7451,132,264,1126154,250,StreamingLSTM,True,stratified 90/10,42,9448,True,v2-plateau-300,gislr.1.models.training.ipynb,300,89,79,True,True,12.2,False,,,,,,,,,,,,,,,,,,,,1024,0.001414,256,2,0.3,0.0001,300,5.0,0.5,5.0,15.0,0.001,42,128.0,0,CE + label smoothing 0.1,AMP,,,,,,,,,,,,,,,,,,,,,,,,,,,,ME_132 · lstm · regime v2-plateau-300.
gislr,lstm,1784400832,2026-07-19T00:53:52,ME_132,xy,0.7421676545300593,canonical,0.7421676545300593,0.7401849782792618,0.7631578947368421,9.0,0.7421,132,264,1126154,250,StreamingLSTM,True,stratified 90/10,42,9448,True,v2-plateau-300,gislr.1.model.lstm.ipynb,300,84,83,True,True,23.6,False,,,,,,,,,,,,,,,,,,,,512,0.001,256,2,0.3,0.0001,300,5.0,0.5,5.0,15.0,0.001,42,128.0,0,CE + label smoothing 0.1,AMP,,,,,,,,,,,,,,,,,,,,,,,,,,,,ME_132 subset · regime v2-plateau-300.
gislr,lstm,1784402251,2026-07-19T01:17:31,FP_118,xy,0.7365580016934801,canonical,0.7365580016934801,0.7342129867312885,0.7567567567567568,12.0,0.7368,118,236,1097426,250,StreamingLSTM,True,stratified 90/10,42,9448,True,v2-plateau-300,gislr.1.model.lstm.ipynb,300,70,68,True,True,12.5,False,,,,,,,,,,,,,,,,,,,,512,0.001,256,2,0.3,0.0001,300,5.0,0.5,5.0,15.0,0.001,42,128.0,0,CE + label smoothing 0.1,AMP,,,,,,,,,,,,,,,,,,,,,,,,,,,,FP_118 subset · regime v2-plateau-300.
gislr,lstm,1784451842,2026-07-19T15:04:02,FP_118,xy,0.7354995766299746,canonical,0.7354995766299746,0.7332816964134807,0.7432234432234432,12.0,0.7356,118,236,1097426,250,StreamingLSTM,True,stratified 90/10,42,9448,True,v2-plateau-300,gislr.1.model.lstm.ipynb,300,80,79,True,True,22.3,False,,,,,,,,,,,,,,,,,,,,1024,0.001414,256,2,0.3,0.0001,300,5.0,0.5,5.0,15.0,0.001,42,128.0,0,CE + label smoothing 0.1,AMP,,,,,,,,,,,,,,,,,,,,,,,,,,,,FP_118 subset · regime v2-plateau-300.
gislr,lstm,1784457430,2026-07-19T16:37:10,FP_118,xy,0.7354995766299746,canonical,0.7354995766299746,0.7332816964134807,0.7432234432234432,12.0,0.7356,118,236,1097426,250,StreamingLSTM,True,stratified 90/10,42,9448,True,v2-plateau-300,gislr.1.models.training.ipynb,300,80,79,True,True,10.5,False,,,,,,,,,,,,,,,,,,,,1024,0.001414,256,2,0.3,0.0001,300,5.0,0.5,5.0,15.0,0.001,42,128.0,0,CE + label smoothing 0.1,AMP,,,,,,,,,,,,,,,,,,,,,,,,,,,,FP_118 · lstm · regime v2-plateau-300.
gislr,lstm_continuous,1790144582,2026-09-23T12:23:02,ME_132,xy,0.7144369178662151,canonical,0.7144369178662151,0.7122443866073744,0.7248558038932948,12.0,0.7103,132,264,1192721,250,ContinuousLSTM,True,"stratified 80/20 (fixed, GISLR_Stratified-provided)",42,18896,False,continuous-v1,gislr.1.models.continuous.ipynb,150,79,74,True,True,20.3,True,local,0.7144369178662151,,2026-09-23T13:27:34,gislr canonical eval,4174f4f4e75919d2108e031a7c9913004315dbd5,True,False,experiments/recognition/configs/gislr.continuous.json,sha256:ba4516c949038c5e41f8ded6389a779bb113016f819aa3212ec6cbf4a1527282,clipbank_v1,2d47c5837944dca0,75581.0,sha256:1a1d3a1fa62e83e57ed4df30925c3aeee631910f960841f8bb877e3bbf7801b4,3.12.3,2.13.0+cu130,2.5.1,1.9.0,NVIDIA GeForce RTX 4080 SUPER,64,0.001,256,2,0.3,0.0001,150,5.0,0.5,4.0,12.0,0.001,42,,0,"per-frame CE over glosses+null (label smoothing, ramped sign weights) + boundary BCE",AMP,,,,,,,,0.1,,,,,,,,,,,,256.0,16.0,0.5,0.3,0.5,"{'signs_per_seq': [1, 6], 'gap_frames': [0, 15], 'rest_frames': [5, 30], 'p_lowered_rest': 0.7, 'rest_ramp_frames': 8, 'rest_default_drop': 0.3, 'hand_visible_max': 0.9, 'rest_jitter': 0.002, 'max_frames': 600, 'boundary_before': 2, 'boundary_after': 1}",0.05,[],"C2: C1 with an LSTM body: the architecture comparison. Continuous streams composed from train.csv (71801 clips; 3780 held out for selection, seed 42); held-out glosses: none. Selection metric = segment accuracy on validation streams, not the canonical isolated split."
gislr,lstm_continuous,1790141422,2026-09-23T11:30:22,ME_132,xy,0.7103,pending,,,,,0.7103,132,264,1192721,250,ContinuousLSTM,True,"stratified 80/20 (fixed, GISLR_Stratified-provided)",42,18896,False,continuous-v1,gislr.1.models.continuous.ipynb,150,79,74,True,True,20.0,False,,,,,,4174f4f4e75919d2108e031a7c9913004315dbd5,True,False,experiments/recognition/configs/gislr.continuous.json,sha256:ba4516c949038c5e41f8ded6389a779bb113016f819aa3212ec6cbf4a1527282,clipbank_v1,2d47c5837944dca0,75581.0,sha256:1a1d3a1fa62e83e57ed4df30925c3aeee631910f960841f8bb877e3bbf7801b4,3.12.3,2.13.0+cu130,2.5.1,1.9.0,NVIDIA GeForce RTX 4080 SUPER,64,0.001,256,2,0.3,0.0001,150,5.0,0.5,4.0,12.0,0.001,42,,0,"per-frame CE over glosses+null (label smoothing, ramped sign weights) + boundary BCE",AMP,,,,,,,,0.1,,,,,,,,,,,,256.0,16.0,0.5,0.3,0.5,"{'signs_per_seq': [1, 6], 'gap_frames': [0, 15], 'rest_frames': [5, 30], 'p_lowered_rest': 0.7, 'rest_ramp_frames': 8, 'rest_default_drop': 0.3, 'hand_visible_max': 0.9, 'rest_jitter': 0.002, 'max_frames': 600, 'boundary_before': 2, 'boundary_after': 1}",0.05,[],"C2: C1 with an LSTM body: the architecture comparison. Continuous streams composed from train.csv (71801 clips; 3780 held out for selection, seed 42); held-out glosses: none. Selection metric = segment accuracy on validation streams, not the canonical isolated split."
