model,mode,collapse,GER,correct,sub,del,ins,sent_acc,emit/sign,lat_med,ins/1k rest,ins/1k trans,GER control,GER hard-cut
gru_reg,B1,False,0.22099412215691286,0.7790058778430872,0.22099412215691286,0.0,0.0,0.4893153937475267,1.0,0.0,0.0,0.0,0.2203047804606499,
bilstm,B1,False,0.2298747763864043,0.7701252236135957,0.2298747763864043,0.0,0.0,0.47981796596755044,1.0,0.0,0.0,0.0,0.22969869876835294,
gru,B1,False,0.23677485305392282,0.7632251469460771,0.23677485305392282,0.0,0.0,0.46576968737633556,1.0,0.0,0.0,0.0,0.23596131097348827,
lstm,B1,False,0.24380270891898798,0.756197291081012,0.24380270891898798,0.0,0.0,0.46082311040759794,1.0,0.0,0.0,0.0,0.24298935355925128,
cnn,B1,False,0.30807564528494763,0.6919243547150524,0.30807564528494763,0.0,0.0,0.3648595172140878,1.0,0.0,0.0,0.0,0.30707675179180294,
dnn,B1,False,0.3256452849476105,0.6743547150523894,0.3256452849476105,0.0,0.0,0.32706766917293234,1.0,0.0,0.0,0.0,0.325934172987266,
gru,B4,True,0.5070278558650652,0.5569895221058012,0.1400460005111168,0.302964477383082,0.06401737797086635,0.1559161060546102,0.7610529005877843,-6.0,0.6492476656820569,0.7503517273722057,0.514647554102011,0.6692435471505239
bilstm,B4,True,0.5169307436749297,0.5404421160235113,0.1404293381037567,0.31912854587273193,0.057372859698441095,0.14364859517214087,0.7382443138257092,-7.0,0.579862418967944,0.6409254337970924,0.5184747060051492,0.6491183235369282
gru,B4,False,0.5635062611806798,0.5104778941988244,0.1326348070534117,0.35688729874776387,0.07398415537950422,0.11990502572220024,0.7170968566317404,-4.0,0.431179747437702,0.45333750195404093,0.5703152181476585,0.7339637107078968
bilstm,B4,False,0.5655507283414261,0.5079223102478917,0.13864042933810375,0.3534372604140046,0.07347303858931765,0.11772853185595568,0.7200357781753131,-4.0,0.3518823226215729,0.37517586368610284,0.5725419247094844,0.7323664707385638
cnn,B4,True,0.6151929465882954,0.41943521594684385,0.14982110912343471,0.43074367492972143,0.03462816253513928,0.07835377918480411,0.6038844876054178,-3.0,0.28745316495846795,0.4064405189932781,0.620137777468513,0.7682085356503962
cnn,B4,False,0.6533989266547406,0.41898798875543064,0.18138257091745463,0.3996294403271147,0.07238691541017123,0.062326869806094184,0.6727574750830565,-3.0,0.4708284598457665,0.7503517273722057,0.6598705726810938,0.7862892921032456
lstm,B2,True,0.6590212113467927,0.39285714285714285,0.14324048044978277,0.4639023766930744,0.0518783542039356,0.10961614562722596,0.5879759775108613,-5.0,0.5848185080189521,0.45333750195404093,0.6534687913158445,0.6751213902376693
gru,B2,True,0.6806158957321748,0.3789292103245592,0.14969332992588807,0.47137745974955275,0.059545106056733965,0.10308666402849229,0.5881676463071812,-5.0,0.6294233094780247,0.7659840550257934,0.6921578178275695,0.6886020955788398
dnn,B4,True,0.690838231535906,0.3190007666751853,0.053220035778175315,0.6277791975466394,0.009838998211091235,0.05223585278986941,0.38205980066445183,-13.0,0.02973653430604841,0.046896982960762855,0.6890960963050587,0.7073856376181957
gru_reg,B2,True,0.7011883465371838,0.3644901610017889,0.1404293381037567,0.4950805008944544,0.06567850753897266,0.09279778393351801,0.5705980066445183,-5.0,1.234066173701009,0.9692043145224324,0.6982812608725907,0.6917326859187324
dnn,B4,False,0.7040633784819831,0.31733963710707896,0.07992588806542295,0.6027344748274981,0.021403015589062102,0.044914918876137716,0.418668540761564,-12.0,0.03964871240806455,0.06252931061435048,0.7041263655973836,0.7198441093789931
lstm,B3,True,0.7444416049067212,0.26993355481727577,0.20253002811142345,0.5275364170713008,0.014375159723996934,0.027305104867431738,0.48683874265269617,-6.0,0.11894613722419364,0.0781616382679381,0.7451812678310487,0.7369026322514695
gru,B3,True,0.7721058011755686,0.2347303858931766,0.15410171224124714,0.6111679018655762,0.006836187068745208,0.018994855559952513,0.39566828520316893,-6.0,0.07434133576512103,0.03126465530717524,0.7741980377148424,0.759008433427038
gru_reg,B3,True,0.7880782008688986,0.21779964221824688,0.157871198568873,0.6243291592128801,0.005877843087145413,0.016422635536208943,0.38154868387426527,-6.0,0.12390222627520171,0.01563232765358762,0.7848444784635725,0.7584973166368515
lstm,B2,False,0.8146562739585995,0.3338870431893688,0.1611295681063123,0.5049833887043189,0.1485433171479683,0.05817174515235457,0.6435599284436494,-3.0,0.36675058977459707,0.42207284664686573,0.8029364692784079,0.8167007411193458
gru,B2,False,0.8223869154101712,0.31868131868131866,0.15384615384615385,0.5274725274725275,0.1410682340914899,0.05500593589236249,0.6135957066189625,-3.0,0.3419701445195567,0.5783961231827419,0.8278477489388352,0.8222591362126246
gru_reg,B2,False,0.8414260158446205,0.24341937132634808,0.11359570661896243,0.6429849220546895,0.08484538717096857,0.042540561931143646,0.4418604651162791,-3.5,0.3766627678766132,0.29701422541816475,0.8348757915245981,0.8268591873243036
gru_reg,B3,False,1.138704318936877,0.0946843853820598,0.1283542039355993,0.7769614106823409,0.23338870431893688,0.0003957261574990107,0.45642729363659595,1.0,0.3469262335705648,4.20509613881507,1.1146058033539767,1.1175568617429084
gru,B3,False,1.138895987733197,0.10069000766675185,0.13672374137490417,0.762586250958344,0.23958599539994888,0.0,0.4769997444416049,1.0,0.3419701445195567,4.814756917304987,1.1063948229072438,1.1026066956299514
lstm,B3,False,1.1832353692818809,0.1475210835675952,0.2042550472783031,0.6482238691541017,0.3307564528494761,0.001187178472497032,0.6825325836953744,2.0,0.5897745970699602,5.721431921213068,1.1974114536218774,1.1356376181957577
