group,n_features,acc,drop,drop_std
(none),0,0.7429085520745131,0.0,0.0
r_handshape,25,0.2732147897262207,0.4696937623482924,0.0015653323843832121
r_orientation,6,0.48950395145357045,0.25340460062094267,0.002624571678435964
r_location,9,0.610393734123624,0.13251481795088915,0.0011033372686361893
r_present,1,0.7203464578041207,0.022562094270392463,0.0006176665749369328
l_handshape,25,0.39727984758679086,0.34562870448772226,0.0020432447411191457
l_orientation,6,0.5785704205475586,0.16433813152695453,0.000124736589963784
l_location,9,0.5909010725373977,0.15200747953711546,0.0010373405608233997
l_present,1,0.7314422805532036,0.011466271521309523,0.00028770650632057166
elbows,2,0.7120731018910528,0.030835450183460344,0.0016284695036472144
raw_face,10,0.654230172170477,0.08867837990403615,0.0021589161649565405
raw_hands,84,0.0883079311318092,0.6546006209427039,0.0008858932775536092
raw_pose,16,0.7001128986734405,0.04279565340107261,0.0013863168716051698
