true,predicted,rate,true_recall,reverse_rate
awake,wake,0.45,0.525,0.325
pencil,pen,0.41,0.487,0.2
wake,awake,0.325,0.575,0.45
give,gift,0.314,0.257,0.051
mouth,lips,0.308,0.436,0.075
hear,listen,0.293,0.463,0.048
dry,dryer,0.282,0.615,0.054
sleep,sleepy,0.263,0.421,0.05
kitty,cat,0.256,0.513,0.175
look,see,0.22,0.488,0.0
that,stay,0.211,0.5,0.105
goose,duck,0.205,0.615,0.049
pen,pencil,0.2,0.65,0.41
zipper,jacket,0.2,0.4,0.0
animal,bath,0.2,0.629,0.0
cowboy,boy,0.184,0.763,0.0
yes,can,0.179,0.641,0.054
cat,kitty,0.175,0.65,0.256
chin,say,0.171,0.543,0.0
noisy,loud,0.167,0.611,0.026
close,before,0.162,0.486,0.0
bedroom,bed,0.154,0.538,0.029
hear,ear,0.146,0.463,0.051
wait,finger,0.143,0.571,0.026
time,toothbrush,0.139,0.556,0.0
