label,sign,accuracy,n_val
95,give,0.2571428571428571,35
21,beside,0.3870967741935484,31
249,zipper,0.4,30
199,sleep,0.42105263157894735,38
187,ride,0.42857142857142855,35
149,mouth,0.4358974358974359,39
61,down,0.45454545454545453,33
111,hear,0.4634146341463415,41
124,into,0.4722222222222222,36
216,there,0.4722222222222222,36
46,close,0.4864864864864865,37
168,pencil,0.48717948717948717,39
136,look,0.4878048780487805,41
215,that,0.5,38
84,fish,0.5,38
126,jeans,0.5,38
129,kitty,0.5128205128205128,39
150,nap,0.5128205128205128,39
160,on,0.5135135135135135,37
231,vacuum,0.5161290322580645,31
11,awake,0.525,40
179,puppy,0.5277777777777778,36
18,bedroom,0.5384615384615384,39
241,will,0.5405405405405406,37
28,book,0.5405405405405406,37
225,touch,0.5405405405405406,37
42,child,0.5428571428571428,35
43,chin,0.5428571428571428,35
80,finger,0.5526315789473685,38
220,time,0.5555555555555556,36
76,fast,0.5555555555555556,36
166,pajamas,0.5641025641025641,39
232,wait,0.5714285714285714,35
233,wake,0.575,40
247,yucky,0.5789473684210527,38
227,tree,0.5789473684210527,38
202,snack,0.5789473684210527,38
74,fall,0.5789473684210527,38
170,person,0.5806451612903226,31
116,hide,0.5833333333333334,36
107,hate,0.5833333333333334,36
3,all,0.5897435897435898,39
97,go,0.5897435897435898,39
40,chair,0.5945945945945946,37
17,bed,0.6,35
7,any,0.6,35
235,wet,0.6052631578947368,38
99,grandma,0.6052631578947368,38
154,noisy,0.6111111111111112,36
4,alligator,0.6153846153846154,39
65,dry,0.6153846153846154,39
98,goose,0.6153846153846154,39
223,tooth,0.6153846153846154,39
169,penny,0.6153846153846154,39
211,table,0.6176470588235294,34
152,night,0.6176470588235294,34
125,jacket,0.6176470588235294,34
12,backyard,0.6216216216216216,37
188,room,0.6216216216216216,37
192,scissors,0.6216216216216216,37
5,animal,0.6285714285714286,35
244,yes,0.6410256410256411,39
81,finish,0.6410256410256411,39
92,gift,0.6410256410256411,39
38,cat,0.65,40
128,kiss,0.65,40
167,pen,0.65,40
161,open,0.6571428571428571,35
206,sticky,0.6571428571428571,35
13,bad,0.6578947368421053,38
127,jump,0.6578947368421053,38
48,cloud,0.6578947368421053,38
201,smile,0.6578947368421053,38
101,grass,0.6666666666666666,39
85,flag,0.6666666666666666,39
35,can,0.6756756756756757,37
180,puzzle,0.6764705882352942,34
108,have,0.6764705882352942,34
144,mitten,0.6842105263157895,38
190,same,0.6842105263157895,38
205,stay,0.6842105263157895,38
45,clean,0.6857142857142857,35
178,pretty,0.6923076923076923,39
9,arm,0.6944444444444444,36
139,make,0.7,40
229,underwear,0.7027027027027027,37
91,garbage,0.7027027027027027,37
70,empty,0.7027027027027027,37
71,every,0.7027027027027027,37
105,happy,0.7105263157894737,38
112,helicopter,0.7105263157894737,38
185,red,0.7105263157894737,38
102,green,0.7105263157894737,38
1,after,0.7142857142857143,35
14,balloon,0.717948717948718,39
96,glasswindow,0.717948717948718,39
72,eye,0.717948717948718,39
115,hesheit,0.7222222222222222,36
164,owie,0.7222222222222222,36
172,pizza,0.725,40
151,napkin,0.725,40
77,feet,0.7297297297297297,37
73,face,0.7297297297297297,37
62,drawer,0.7297297297297297,37
53,cut,0.7297297297297297,37
171,pig,0.7297297297297297,37
238,white,0.7297297297297297,37
153,no,0.7297297297297297,37
198,sick,0.7368421052631579,38
22,better,0.7368421052631579,38
204,stairs,0.7368421052631579,38
156,not,0.7368421052631579,38
93,giraffe,0.7368421052631579,38
52,cry,0.7435897435897436,39
37,carrot,0.7435897435897436,39
214,thankyou,0.75,36
245,yesterday,0.75,40
181,quiet,0.75,36
177,pretend,0.75,40
248,zebra,0.7567567567567568,37
222,tongue,0.7567567567567568,37
27,boat,0.7567567567567568,37
69,elephant,0.7631578947368421,38
243,yellow,0.7631578947368421,38
51,cowboy,0.7631578947368421,38
120,hot,0.7631578947368421,38
39,cereal,0.7631578947368421,38
0,TV,0.7631578947368421,38
183,rain,0.7631578947368421,38
137,loud,0.7692307692307693,39
163,outside,0.7692307692307693,39
138,mad,0.7692307692307693,39
68,ear,0.7692307692307693,39
176,potty,0.7714285714285715,35
195,shirt,0.7714285714285715,35
36,car,0.7714285714285715,35
217,think,0.775,40
239,who,0.775,40
200,sleepy,0.775,40
134,lips,0.775,40
175,pool,0.7777777777777778,36
147,morning,0.7837837837837838,37
66,dryer,0.7837837837837838,37
132,like,0.7894736842105263,38
246,yourself,0.7894736842105263,38
142,milk,0.7894736842105263,38
140,man,0.7948717948717948,39
210,sun,0.7948717948717948,39
75,farm,0.8,40
59,doll,0.8,40
15,bath,0.8,35
67,duck,0.8048780487804879,41
186,refrigerator,0.8055555555555556,36
79,fine,0.8055555555555556,36
135,listen,0.8095238095238095,42
208,story,0.8108108108108109,37
6,another,0.8108108108108109,37
173,please,0.8157894736842105,38
114,hen,0.8157894736842105,38
133,lion,0.8205128205128205,39
203,snow,0.8205128205128205,39
24,black,0.8205128205128205,39
100,grandpa,0.8205128205128205,39
159,old,0.8205128205128205,39
212,talk,0.8205128205128205,39
30,brother,0.825,40
158,nuts,0.825,40
109,haveto,0.8285714285714286,35
20,before,0.8285714285714286,35
57,dirty,0.8333333333333334,36
196,shoe,0.8333333333333334,36
197,shower,0.8378378378378378,37
157,now,0.8378378378378378,37
236,weus,0.8378378378378378,37
130,lamp,0.8378378378378378,37
56,dance,0.8387096774193549,31
94,girl,0.8421052631578947,38
8,apple,0.8421052631578947,38
58,dog,0.8421052631578947,38
104,hair,0.8421052631578947,38
131,later,0.8421052631578947,38
47,closet,0.8461538461538461,39
110,head,0.8461538461538461,39
44,chocolate,0.8461538461538461,39
213,taste,0.8461538461538461,39
174,police,0.8461538461538461,39
242,wolf,0.8461538461538461,39
221,tomorrow,0.8461538461538461,39
19,bee,0.85,40
82,fireman,0.85,40
50,cow,0.85,40
83,first,0.85,40
26,blue,0.8611111111111112,36
218,thirsty,0.8611111111111112,36
64,drop,0.8611111111111112,36
207,store,0.8648648648648649,37
41,cheek,0.8648648648648649,37
191,say,0.868421052631579,38
226,toy,0.868421052631579,38
143,minemy,0.868421052631579,38
155,nose,0.868421052631579,38
55,dad,0.868421052631579,38
146,moon,0.868421052631579,38
234,water,0.868421052631579,38
182,radio,0.8717948717948718,39
193,see,0.8717948717948718,39
145,mom,0.875,40
106,hat,0.8823529411764706,34
117,high,0.8918918918918919,37
121,hungry,0.8947368421052632,38
89,frenchfries,0.8947368421052632,38
88,for,0.8947368421052632,38
113,hello,0.8974358974358975,39
90,frog,0.9,40
16,because,0.9,40
118,home,0.9,40
33,bye,0.9,40
228,uncle,0.9024390243902439,41
240,why,0.9166666666666666,36
184,read,0.9166666666666666,36
123,if,0.918918918918919,37
29,boy,0.9210526315789473,38
34,callonphone,0.9210526315789473,38
141,many,0.9210526315789473,38
162,orange,0.9230769230769231,39
87,food,0.9230769230769231,39
2,airplane,0.9230769230769231,39
49,clown,0.9230769230769231,39
103,gum,0.9230769230769231,39
224,toothbrush,0.925,40
165,owl,0.925,40
122,icecream,0.925,40
78,find,0.925,40
209,stuck,0.9428571428571428,35
54,cute,0.9473684210526315,38
32,bug,0.9487179487179487,39
230,up,0.9487179487179487,39
189,sad,0.9487179487179487,39
219,tiger,0.9487179487179487,39
25,blow,0.9487179487179487,39
63,drink,0.95,40
31,brown,0.95,40
23,bird,0.95,40
119,horse,0.9743589743589743,39
86,flower,0.975,40
60,donkey,0.975609756097561,41
194,shhh,0.975609756097561,41
148,mouse,0.975609756097561,41
10,aunt,1.0,39
237,where,1.0,37
